day,summary_id,source_type,conversation_id,message_id,category,format_type,confidence,tags,topics,summary_text,actions,notes,annotation,label,review_notes
2025-11-05,051e38e3b4973ac9bf939aec50ac811766d0819b5745ba1592d7c9a4d973d740,event,690bc79c-026c-8332-9ace-87f99ae213f7,bf611263-6d1e-4d55-9d1c-d43536fd35a5,Business,template,4,comunicación|estrategia|organización|política|recomendaciones,dinámica organizativa|actividades políticas|recomendaciones tácticas,"Análisis de la dinámica organizativa y recomendaciones tácticas para mejorar la efectividad de una agrupación política, basado en la lectura de tramos específicos de actividades. Se identifican fortalezas, riesgos y prácticas inmediatas para optimizar la operativa y la comunicación interna.","""redactar la plantilla post-acción, generar un checklist de roles, o seguir con el screening cronológico""",insight,,,
2025-11-05,057da599f16d905e36fda58bd68388bee29199628b7c43dfcae2503410b97f18,event,690b7f85-0b08-832c-b179-7aa7db54ebf5,2d89edef-6fb2-4500-ae58-cb98324bceae,Business,execution plan,5,Content Strategy|Data Analysis|LinkedIn|Networking|Python|Social Media,Networking|Content Creation|Data Analysis,"This message outlines a diagnostic approach to leveraging LinkedIn connections for strategic content publication aimed at generating measurable results, including specific actionable steps for data extraction, analysis, and tactical posting over 30 days.","""Export LinkedIn connections CSV and analytics for the last 6 posts, or choose between drafting 3 post templates or running an analysis on the CSV.""",actionable plan,,,
2025-11-05,0b305d2cee4060336d6a3f078160c1a92062fbc5477aa8fb35d1fbb34f3206e8,event,690bc79c-026c-8332-9ace-87f99ae213f7,db6e5c81-ae55-45ea-b2f8-9ebb0c452b1d,Data,template,4,CSV|Data Processing|Pandas|Python,Data|Automation,"This message details a Python script that creates a raw CSV file containing phone numbers and names from a provided list, ensuring data normalization and saving the output to a specified path.","""Implement the provided Python script to create a CSV file from the given list of phone numbers and names, and consider packaging this as a reusable template for similar tasks.""",code_snippet,,,
2025-11-05,0f8e80b936b7c9eddce98710c0f936a2146a343a93274697dcc858368f88a30a,event,690bc79c-026c-8332-9ace-87f99ae213f7,ff6bddb8-6b9d-4b21-a501-4581af7e159e,Business,table,5,communication|governance|mobilization|operations|responsibilities|roles,Organizational Management|Task Management,"This document outlines various aspects of governance, mobilization, communication, and operational tasks within an organization, detailing roles and responsibilities for effective execution.",[],overview,,,
2025-11-05,0fbcd8975840685e5d1880bcac919737453cec94fc4fa6590ece8f8501f776f3,event,690bc79c-026c-8332-9ace-87f99ae213f7,71e53524-7b6d-42b0-a66b-c26c1270de91,Business,template,4,acción colectiva|dinámicas de grupo|estrategia|organización|riesgos,gestión de grupos|intervenciones políticas|dinámicas sociales,"El mensaje detalla la planificación de acciones y roles dentro de un grupo en transición hacia la institucionalización, abordando dinámicas operativas, riesgos y sugerencias estratégicas para mejorar la efectividad del grupo.","""Prepare messages for Eze's responsibility on the scholarships table and the 72-hour template; designate a communications team with a spokesperson.""",planificación,,,
2025-11-05,1270a6e663318f5dd4e9ab489e64862e873f99870ad910510c74b760c1edfe8a,event,690bc79c-026c-8332-9ace-87f99ae213f7,0be1465e-852e-49a0-a4f3-95fcb0eea431,Data,report,4,data_retrieval|file_query|uploaded_files,file management|data processing,"This message contains a query for specific parts of files uploaded in the conversation, indicating a focus on retrieving data from 'part_025.txt' and 'part_021.txt'.","""process the specified files part_025.txt and part_021.txt for insights or data extraction.""",query,,,
2025-11-05,167ba85ff87bf40c8f1a92166d823fa5884d5c9586a54f0cb0d80a42bd0d1d30,event,690bc79c-026c-8332-9ace-87f99ae213f7,ea781727-c648-47c6-b868-2d9ea7b503ac,Business,template,5,carriles operativos|eficiencia|gestión de proyectos|organización|trabajo colaborativo,gestión|estrategia|operaciones,"Este documento presenta un mapa de trabajo estructurado en 12 carriles operativos, cada uno con objetivos claros, salidas mínimas y ritmos de operación, diseñado para mejorar la eficiencia y la organización en un entorno de trabajo colaborativo.","""Nombrar due-owners para 3 carriles críticos, publicar Estado_semana con 2 prioridades claras, empezar ritual post-action para la próxima salida.""",mapa de trabajo,,,
2025-11-05,18da6f30eb1ef89a10e0acb887af5b7160bd0e2bf11c852e16b195cb6e6cfdcc,event,690bc79c-026c-8332-9ace-87f99ae213f7,f4b72f02-4db1-4e4d-adc1-f75e7134affe,Data,report,4,QDF|data analysis|queries,data analysis|file management,"This message contains a set of queries targeting specific parts of a dataset with a QDF value of 5, indicating a focus on certain data characteristics.","""Analyze the uploaded files for insights and trends.""",query,,,
2025-11-05,218cb3b196f5ca900686a67c7c61f11108f995d3bb786b7aa928611a192d74b3,event,690bc79c-026c-8332-9ace-87f99ae213f7,5ecce5ee-e0e9-444a-aab0-9fc9e5fbdbd1,Business,CSV,5,análisis|coordinación|movilización|perfil|responsabilidades,gestión de equipos|análisis de roles|optimización de tareas,"Análisis detallado de roles, rasgos de personalidad, niveles de participación y recomendaciones tácticas para cada persona en un contexto de coordinación y movilización, con un enfoque en la optimización de responsabilidades y la mitigación de riesgos.","""Generate a CSV with columns: nombre, rol_observado, rasgos, nivel_participacion, riesgo, sugerencia_tactica, contacto_sugerido.""",análisis,,,
2025-11-05,2552875cc5ae87d61114be1f57631ce3e9f2a300c48de9b582643f2a3f0cf681,event,690bc79c-026c-8332-9ace-87f99ae213f7,6cb5ba78-cb94-4889-8670-f777155107da,Business,package,5,análisis|gestión|grupo político|militancia|universitario,política|activismo|organización,"Un análisis detallado sobre la identidad, prácticas, fortalezas, debilidades y recomendaciones para un grupo político universitario, destacando su enfoque pragmático y relacional en la militancia y la gestión institucional.","""Create a short package for the group including: 1) 'Who we are' text for the website, 2) Three rules and templates for chat, 3) Immediate assignment proposal (Eze: scholarships table; Spokesperson: X; Guards: calendar).""",insight,,,
2025-11-05,28cdba36beb6b74d06ca8a1250d32f24cb42b9b77f8cdf61f08a20eda802f2ef,event,690bc79c-026c-8332-9ace-87f99ae213f7,858da5c0-affe-4653-b78e-44a881229728,Data,csv,4,CSV|Contacts|Data Extraction|WhatsApp,Data|Automation,"This message provides a formatted CSV list of contacts extracted from WhatsApp banners, ready for merging into a dataframe. It includes technical observations regarding formatting and duplicate entries.","""Generate the CSV file for download.""",data_extraction,,,
2025-11-05,3b4a54218a2c4facf721554b999ec13ca962f0af759c3652e8749243c96985af,event,690bc79c-026c-8332-9ace-87f99ae213f7,1e2cb596-cad7-4b6a-8b19-22a630260968,Data,script,4,CSV|Data Processing|Pandas|Qualitative Analysis,Data|Automation,"This script processes uploaded CSV files, performs qualitative scans, and generates summary tables including top tokens, bigrams, and sender statistics, while also displaying relevant dataframes to the user.","""Implement the CSV loading and analysis code in a data processing pipeline; explore monetization opportunities for CSV analysis tools.""",script,,,
2025-11-05,3b6bb9903d1f1bf80d17911fad345464532275d8e68963d83a5ef9c0277f0934,event,690bc79c-026c-8332-9ace-87f99ae213f7,522c808d-5717-4755-a8db-bb72464e9bc3,Data,report,4,chronological analysis|screening|summary|timestamps,data analysis|content organization,"This message outlines specific queries aimed at extracting timestamps and summarizing main events and topics from sections 036 to 040, facilitating a chronological review of the content.","""Perform chronological screening for segments 036 to 040, extracting timestamps and summarizing main topics.""",query,,,
2025-11-05,46ab9687013c8c4ee71152cd35102e7ce5a14ff0ed6858e59eae5547ce7c99d2,event,690bc79c-026c-8332-9ace-87f99ae213f7,44f13e86-f6ee-4484-a12c-9790e760950a,Docs_And_Planning,report,4,organizational analysis|political analysis|psychological analysis|timestamp analysis,Temporal Analysis|Political Practices|Psychological Insights|Organizational Behavior,"This note outlines the request for identifying the minimum timestamp of the first message and the maximum timestamp of the last message within specified text files, along with an analysis of political, psychological, and organizational practices based on those timeframes.","""Analyze the timestamps from part_021.txt to part_025.txt and provide insights on political, psychological, and organizational practices based on the identified time frames.""",todo,,,
2025-11-05,49b0db0cbf38ce75ed4a195ad6b7332a7054bc094cd0a21e16ac5958cf3a0e56,event,690a986b-bde0-832e-8b42-2ea5d5622722,32546de1-035c-42d2-a0ab-b1ca4200b692,Business,playbook,5,communication|follow-up|job application|networking|recruitment,Career Development|Job Search|Networking,"This message provides structured templates and strategies for following up with recruiters after attending an IT information session, including email drafts, LinkedIn messages, and a checklist for preparation.","""Create a final email with real contact details and CV filename, or assemble a 1-page project teaser.""",template,,,
2025-11-05,4c2c801ae37073a88db9075d78b0e6b0a19cff3082b5c7e729b49c898ace53b7,event,690bc79c-026c-8332-9ace-87f99ae213f7,50ad0e6e-7646-466a-a9de-a8193b8609fd,Docs_And_Planning,summary,4,conversation analysis|summary|thematic analysis|timestamp extraction,conversational insights|data extraction,"This message outlines queries related to the last segment of a conversation, focusing on learning outcomes, summaries of specific parts, timestamp extraction, and identification of main themes and actors.","""Analyze the last segment of the conversation and summarize key learnings, timestamps, and main themes.""",query,,,
2025-11-05,50c67a61316afb9968a04fbb18c1707ea57759a4f3d1078e6c45ed6965ca0f63,event,690bc79c-026c-8332-9ace-87f99ae213f7,64966d62-7b48-4484-827c-0a4019351d1b,Business,document,5,comunicación|finanzas|gobernanza|legal|movilización|organización política|planificación|sistemas,organización|gobernanza|estrategia política,"Este documento presenta un árbol jerárquico detallado que organiza los procesos, roles y reglas operativas de una agrupación política, diseñado como un mapa de sistemas completo y recursivo.","""Convert the index into a navigable document, generate a minimum library of templates, or map responsibilities for each section.""",documento,,,
2025-11-05,522c26d8a29f9c8c8b542d4d55c4f012555f3261c1d2328ac1a00b549970dca2,event,690bc79c-026c-8332-9ace-87f99ae213f7,f3766322-1392-47e9-a928-f3ac76fce7ac,Business,template,5,análisis político|conflicto|movilización|psicología de grupo|recomendaciones operativas,movilización social|análisis político|dinámicas grupales,"El mensaje ofrece un análisis detallado sobre la transición de una movilización táctica a un conflicto abierto, identificando señales clave, dinámicas humanas, riesgos y recomendaciones operativas para mejorar la efectividad de la acción colectiva.","""Prepare the email/WhatsApp for the meeting/assignment, the minutes template, or the guard plan format for Drive.""",análisis,,,
2025-11-05,5330cc5cd0fdfb6aa76e37cf9a008fe53f2f38ebcefe73edc41e60a93614e3c5,event,690bc79c-026c-8332-9ace-87f99ae213f7,ccb2d392-f8c6-4984-a071-fe626c42f345,Data,report,4,data management|file retrieval|queries,file management|data extraction,"This message contains specific queries and a source filter for retrieving files uploaded during a conversation, indicating a focus on file management and data extraction.","""analyze the queries and source filter for actionable insights""",query,,,
2025-11-05,5bd7664f648b640c9338ee633db3787a3e2d111d51012789a839c677edd793d7,event,690b7f85-0b08-832c-b179-7aa7db54ebf5,56059216-d6d3-478e-b03f-244801b99fef,Data,dataframe,4,data|dataset|journalism|media,media contacts|journalism resources,"This message outlines the creation of a media radar dataset for journalists, detailing various media outlets, their roles, and suggested angles for stories. The dataset is saved as a CSV file for further use.","""Save the CSV file and display the dataframe to the user.""",dataset,,,
2025-11-05,652a5825f5dc5accc5ffd0a35dcc713464e4a7f63a4354a14623aa25b54bc382,event,690bafd6-f2f8-832b-ae75-2f16bd253b95,a813684d-eee9-4553-94e1-eca0eba363c1,Data,checklist,5,machine learning|model diagnostics|predictions|regression|variance,model evaluation|data analysis|statistical methods,"This message outlines potential causes for low variance in predictive model outputs compared to actual values, diagnostic tests to identify issues, and practical corrective measures. It includes a structured approach with specific calculations and interpretations for diagnosing model performance.","""Create a checklist for diagnostics and solutions based on the provided analysis; offer to build a notebook with plots and metrics for execution.""",diagnostic guide,,,
2025-11-05,691aed8d9c14c3763fc4ab0b18f94cee02d068f1a5a27a13df7d1e0ebdb3a6fe,event,690bc79c-026c-8332-9ace-87f99ae213f7,e6b48127-90cb-4c20-8191-5253a60a87e3,Data,report,4,files|queries|timestamp,data retrieval|file analysis,This note contains queries to determine the minimum timestamp of the first message and the maximum timestamp of the last message in specified text files.,"""Analyze the timestamps in the specified files and return the minimum and maximum timestamps.""",query,,,
2025-11-05,7177a572f799890cde54541c8a9c6317f0001d22e64558e35643a92e6118c661,event,690a6b81-7880-832b-99ed-8f4e1a352da7,15c0f9d7-2691-400a-b2ee-022a11a04cf8,Business,checklist,5,acción inmediata|gobernanza|planilla|rendición de cuentas|transparencia,gobernanza|gestión de proyectos|mejora continua,"Análisis detallado de los beneficios, riesgos y acciones concretas para mejorar la gobernanza operativa a través de una planilla. Incluye conceptos clave, riesgos a considerar, y pasos inmediatos para implementar cambios efectivos.","""Generate the header text with rules for the spreadsheet or create the three templates (one-pager, 3-line minutes, pilot report) ready for copy-pasting.""",insight,,,
2025-11-05,78bfe99e5ee35f93fd6f0c3625bd8534a3ac73eee4a9b3f8bd109e0d644c6be9,event,690a986b-bde0-832e-8b42-2ea5d5622722,5f99a6d8-fba1-45f0-ac33-469aad9db4fb,Business,template,5,communication strategies|email templates|follow-up|job application|recruitment,Career Development|Job Search|Networking,"This message provides various email templates and communication strategies for following up with recruiters after missing an information session, including options for different levels of explanation and engagement.","""Prepare the final email template or convert the teaser into a one-page PDF.""",template,,,
2025-11-05,82cb1659a7277813549c79efb2c4ef74108fdd72cd5e20552b41e8641d188807,event,690bc79c-026c-8332-9ace-87f99ae213f7,0af9c596-a296-436a-aee9-fc76303aefe7,Business,table,5,actors|inventory|organization|risks|roles|stakeholders,group dynamics|organizational structure|stakeholder management,"This message outlines a detailed inventory of all actors related to a group, categorized by internal persons, roles, external organizations, target audiences, risks, and resources. It offers a structured approach to organizing group dynamics and suggests further tools for operational efficiency.","""generate a CSV table of actors with contact information, roles, and priorities; create a RACI matrix for critical areas; or prepare a visual map of organizational layers.""",inventory,,,
2025-11-05,83d55b35f8f4bb6a0c4ef4dd7af6e7370989a905193e34142c1e612c763cc809,event,690bc79c-026c-8332-9ace-87f99ae213f7,7843cb53-db4e-4350-ac90-8b7892943f68,Business,checklist,5,análisis|gobernanza|movilización|política|recomendaciones,análisis político|estrategia organizativa|comunicación,"El informe presenta un análisis cualitativo de los tramos leídos, destacando hallazgos clave sobre la movilización, la combinación de lo político y social, y problemas de gobernanza, junto con recomendaciones prácticas para mejorar la eficacia operativa.","""produce checklist of mobilization, generate template for minutes/assemblies, map subgroups with quarterly deliverables""",informe,,,
2025-11-05,89b6d557cb80b3eb29fbe97922d8eb169f6800b181a1e0073f7c0d97fe22edfc,event,690bc79c-026c-8332-9ace-87f99ae213f7,918abd10-cbd5-4ca2-bd1f-1188870c85b1,Business,workflow,5,análisis de mensajes|colaboración|comunicación|intervenciones|lectura cualitativa,análisis de datos|comunicación efectiva|gestión de equipos,"El mensaje describe un enfoque cualitativo para leer y analizar mensajes en un contexto colaborativo, estableciendo un protocolo de lectura, hipótesis sobre el contenido esperado, y propuestas de intervención para mejorar la comunicación y la efectividad del grupo.","""Copy and paste 15-20 messages from segments 7-10 for analysis.""",protocolo,,,
2025-11-05,9070c45189bb53095cda3972e2c07cd57136d33933f6c7fc4e57488c4ffbd2a3,event,690bc79c-026c-8332-9ace-87f99ae213f7,3df478ce-3368-4c26-9bfb-de360f8b1b98,Business,template,5,efectividad|organización|procesos|rituales|roles,gestión de equipos|optimización de procesos,"Este mensaje detalla una estructura de roles y procesos para optimizar la organización de un grupo, incluyendo descripciones de roles, entregas mínimas, tiempos estimados y un conjunto de rituales para mejorar la efectividad operativa.","""Create a structured Drive folder with the proposed organization or fill out the `Estado_semana` with selected priorities.""",plan,,,
2025-11-05,91e7c4900ae6b6508417e6310a03982fe5ee993ec0fbd055210c36e4f7ca2d76,event,690b7f85-0b08-832c-b179-7aa7db54ebf5,6c2876d9-09fc-4a93-939d-0fff03927142,Business,template,4,calendar|communication|messaging|planning|public engagement,project management|public relations|event planning,"This session outlines a structured approach to creating a public engagement plan, including a 60-day event calendar, messaging pillars, and specific tasks with owners to enhance visibility and collaboration opportunities.","""Generate the 60-day calendar as CSV or draft 3 full Twitter thread outlines and a 2-slide summary deck.""",session plan,,,
2025-11-05,961cc6a33a497b13e8e56f5d0ec6914bbc0c87fea9c69dae6f9d4b3b42e97b70,event,690bc79c-026c-8332-9ace-87f99ae213f7,cdae9e03-c7aa-44bf-9363-975dc22e9ac5,Business,template,5,análisis político|movilizaciones|organización|recomendaciones|seguridad digital,dinámica grupal|práctica política|organización interna,"Este mensaje examina las dinámicas de un grupo político entre marzo y mayo de 2025, destacando movilizaciones, organización interna, riesgos y recomendaciones prácticas para mejorar la eficacia y seguridad del colectivo.","""Generate the digital security protocol, roles and rotation template, or logistics checklist based on the user's preference.""",análisis,,,
2025-11-05,996c316e69e758905d9a663b4233f630eed8ed93882e9cbedca9e8d8208db47b,event,690b7f85-0b08-832c-b179-7aa7db54ebf5,05db0b32-43ac-4e7b-99eb-b301abc79a84,Business,template,5,LinkedIn|contactos|estrategia|publicación|redes sociales,redes de personas|publicación en redes sociales|estrategias de conversión,"Este mensaje proporciona un marco práctico para analizar redes de contactos y diseñar publicaciones en LinkedIn con un enfoque en la conversión, incluyendo pasos específicos para clasificar contactos, priorizar relaciones y crear mensajes efectivos.","""Collect 3-4 names for each circle (journalists, recruiters, connectors) and provide them for further processing.""",estrategia,,,
2025-11-05,9ed2dba61967c5706cf166725d240f4ef0b78c82d52f5a8f0df891b0ce8d6277,event,690bc79c-026c-8332-9ace-87f99ae213f7,54e0c9aa-5050-4809-bf7d-b0a86310a8ae,Data,workflow,4,data processing|file management|query,data|automation,"This message outlines the continuation of processing queries related to specific parts of a dataset, indicating the files involved and their respective quality data flags.","""Continue processing the specified parts with the given QDF values.""",todo,,,
2025-11-05,a464ccfe9317ea42b0f0912060a80ed62a6813a11dc32e830802ea9590967bf2,event,690b7f85-0b08-832c-b179-7aa7db54ebf5,4010f186-1199-4c32-b22e-804a46d8f3b2,Business,strategy,5,LinkedIn|data science|engagement|networking|strategy,Networking|Professional Development|Data Science,"This message outlines a strategic approach to optimizing a LinkedIn network for generating useful contacts, detailing the composition of the network, types of leverage available, strategic challenges, and actionable steps for engagement.","""Select 8 seeders from your network, prepare a package with slides and CSV, send DMs for early reactions, publish a targeted post, and follow up promptly.""",strategy,,,
2025-11-05,aae76936f8beb015e63d75696812ebd7033666bdaa8c10ebafe0a438bc0be00d,event,690bc79c-026c-8332-9ace-87f99ae213f7,7d257c6d-369c-4708-a9e8-bc36321dacd2,Business,template,5,análisis|comunicación|estrategia|movilización|riesgos,organización|estrategia política|movilización social,"El mensaje presenta un análisis de la situación actual del grupo, identificando oportunidades de movilización y riesgos, junto con intervenciones críticas y un plan de acción a corto plazo para mejorar la comunicación y la toma de decisiones.","""Generate the draft communication, template for the technical commission, or logistical checklist as requested.""",insight,,,
2025-11-05,aba799c175c99a105e814510c1f1a18e3f23e7db0e665d4b61995d471ed71593,event,690b7f85-0b08-832c-b179-7aa7db54ebf5,af78ec9e-1c23-43f1-87c0-4f73b8160c36,Business,strategy,5,institutional engagement|networking|outreach|strategy,strategic planning|communication|collaboration,"This message outlines a strategic plan for engaging key institutional contacts to secure valuable introductions and operational conversations within 30 days, emphasizing practical actions and specific roles for each contact.","""Select 6-8 names from the provided list to activate immediately and prepare personalized DMs for outreach.""",action plan,,,
2025-11-05,b7bd9f64a7a4333905f94540ffb047c2c443996f52f1a38a880a97d819b146d5,event,690a6b81-7880-832b-99ed-8f4e1a352da7,5845e32e-dd5d-4236-b0f9-41c37b979a85,Data,template,5,catalogacion|estandarizacion|memoria|participacion|segregacion|trazabilidad,Buenas Prácticas|Gestión de Datos|Políticas,"Se presentan seis palabras clave que encapsulan principios de buenas prácticas en la gestión de datos y políticas, cada una acompañada de una breve justificación sobre su relevancia.","""Translate the six words into standard tags and provide short usage rules for each tag.""",insight,,,
2025-11-05,bd42fce82a25beb34b4e5075c6fd01d2c846454a94f7e463b0217af5427e0c44,event,690bc79c-026c-8332-9ace-87f99ae213f7,8e29a0ce-8f05-4269-84fc-7133eae55e99,Business,template,5,análisis|coordinación|mejora|oportunidades|organización,dinámicas organizativas|análisis político|gestión de grupos,"El mensaje presenta un análisis cualitativo de la comunicación y organización dentro de un grupo, identificando temas recurrentes, roles, prácticas organizativas, y riesgos, así como oportunidades de mejora en la gestión. Se proponen acciones concretas para optimizar la coordinación y el aprendizaje dentro del grupo.","""extract themes and their evolution, propose a post-action template, draft a message for channel/role division""",insight,,,
2025-11-05,bd9c07ef0a72212dd491e0eca6c04dd7343d4b2cdec504ba8ffdba966ca64338,event,690bc79c-026c-8332-9ace-87f99ae213f7,c51a3d2a-9d12-4b89-b834-4981c31d9bfd,Business,template,5,análisis|comunicación|oportunidades|organización|política|riesgos,dinámicas grupales|práctica política|coordinación,"El mensaje presenta un análisis detallado de la dinámica operativa y política de un grupo a través de su chat, identificando roles, temas recurrentes, riesgos y oportunidades para mejorar la organización y efectividad del grupo.","""1. Publish a template message for operational requests in the chat. 2. Ask admins to create a shared document for actions and responsibilities. 3. Schedule a mini-meeting to assign task owners.""",insight,,,
2025-11-05,bdc1023d6c3903ff2067e8323dd98e10da9ba405b6d417ce40c2b1c52ac6a530,event,690bc79c-026c-8332-9ace-87f99ae213f7,2aa35cff-e89f-4b35-90ce-07d499475d5c,Data,report,4,QDF|file analysis|text processing,data analysis|file management,"This message contains queries for analyzing specific parts of text files with a Quality Data Factor (QDF) of 5, focusing on files uploaded in the conversation.","""Analyze uploaded files for insights and trends.""",query,,,
2025-11-05,bf73c3beeb205363b61eb3651ddc634684c3e9ac35961268b826f3cad3938f22,event,690bc79c-026c-8332-9ace-87f99ae213f7,aa48e0cd-835a-4ff0-8015-289b719d9cd2,Data,report,4,análisis|dinámicas|prácticas políticas|roles,análisis de datos|política,"Se solicita un análisis de los archivos part_036.txt a part_040.txt, incluyendo la ventana temporal y un análisis cualitativo sobre prácticas políticas, roles y dinámicas.","""Analyze the specified files for temporal windows and qualitative insights on political practices, roles, and dynamics.""",análisis,,,
2025-11-05,bfd45ddccc8257279c9eafb2409cf55f00b6bbac478f0904427d2208551ea1eb,event,690b7f85-0b08-832c-b179-7aa7db54ebf5,7850cb74-a419-44b3-81cf-b0d3cf365aac,Business,post,4,LinkedIn|investors|media|outreach|strategy,Networking|Social Media|Content Strategy,"This message outlines a strategic approach to leverage a LinkedIn post for outreach to industry contacts, media, and investors, detailing specific roles, requests, and a recommended post format.","""Prepare the final version of the post, personalized DMs, or a follow-up plan.""",action plan,,,
2025-11-05,c7304af3693e94c05ede484879b7749337b5e61ca1935f7ef3d0d21c357277ce,event,690bc79c-026c-8332-9ace-87f99ae213f7,ce41c68d-d1d1-457e-9087-cbe3c9548fea,Business,report,5,análisis cualitativo|dinámicas de grupo|narrativas|oportunidades|prácticas políticas,análisis político|comunicación|gestión de grupos,"Se presenta un diagnóstico cualitativo sobre las interacciones en un chat político, abordando aspectos como la dinámica operativa, roles de los participantes, narrativas emergentes, tensiones, oportunidades y acciones inmediatas.","""prepare a map of actors, mini-runbook of empadronamiento in Google Doc format, or a simple task board template""",diagnóstico,,,
2025-11-05,c75939c873787b0ba07ffc81e7a6ca179181bfd010b2daf1af2a5ff5a477d586,event,690bc79c-026c-8332-9ace-87f99ae213f7,0ef645da-1fb8-4e70-80d5-d0f2328adfaa,Programming,script,5,CSV|Data Processing|Pandas|Python,Scripting|Data Management,"This message details a script that converts timestamps to a readable format, replaces NaN values, extracts the last four digits of sender handles, and saves messages in CSV files in chunks of 100. It includes a technical summary of the script's functionality and considerations for usage.","""Run the script on the user's CSV data or adjust the format as requested.""",script,,,
2025-11-05,c7797b43164bdbce91f4a8e7b9f41af16f953c25e6ac46949fb240bc2807bfdd,event,690bc79c-026c-8332-9ace-87f99ae213f7,0923be94-a722-4bae-adc4-a18deddda7b7,Business,report,4,análisis|conflictos|eventos clave|responsabilidades|tramos,análisis de datos|gestión de proyectos,"Este mensaje solicita información detallada sobre los eventos, roles y conflictos en los tramos 31 a 35, incluyendo fechas y menciones a individuos específicos.",[],consulta,,,
2025-11-05,caf791389d1ed736983d778bfb8c0da496ca500be4d141ceb1092c156c49dde8,event,690bc79c-026c-8332-9ace-87f99ae213f7,cfc4ddb2-bfec-4360-8f3b-e534cc3bae10,Data,code,4,CSV|Data Processing|Pandas|Sample Display,Data|Automation,"This script reads specified CSV chunks, normalizes column names, extracts relevant data columns, and displays a sample of the data to the user.","""Run the provided code to read and display CSV chunks, ensuring the correct columns are identified and samples are shown to the user.""",code,,,
2025-11-05,cba7f5b2e5821307a26f80f5f4bd0006cf65abc5880c020fea30dfaffb83cf96,event,690bc79c-026c-8332-9ace-87f99ae213f7,def45d53-99a4-465a-915b-ab107cdd816e,Automation,script,5,Automation|CSV|Data Processing|Pandas|Python,Data|Automation,"This script processes a DataFrame of messages, cleaning and formatting timestamps, handling NaN values, and chunking the output into CSV files. It includes a demo DataFrame for testing and demonstrates how to save processed data into specified output directories.","""Consider packaging the script as a reusable tool or library for data processing. Create documentation or a guide for users to implement similar processes.""",script,,,
2025-11-05,d8bf22bef03b1057be1b341d15a20e6c9dc01d69df95b035f72338676a1106d2,event,690bc79c-026c-8332-9ace-87f99ae213f7,8edb0f3b-c58d-445f-8c39-f075152248fa,Business,template,5,análisis político|dinámicas de grupo|estrategia electoral|intervenciones,política|psicología|estrategia,"El mensaje ofrece un análisis detallado de la transición de un grupo político tras una elección, destacando dinámicas operativas, señales de riesgo y oportunidades, así como intervenciones estratégicas para consolidar el éxito electoral y transformar la euforia en acción sostenida.","""Prepare the text for the meeting invitation, the assignment message for the follow-up responsibility, or a kit for converting voters into volunteers.""",insight,,,
2025-11-05,decfb39d5361eb13d2ae89d036eb97201833c5de1a7ac95f6eaef3ccf5487bb5,event,690bc79c-026c-8332-9ace-87f99ae213f7,b099386e-bd36-4ea8-af81-1673e03b3fb5,Programming,script,5,OCR|Pandas|Python|data extraction|phone numbers,Image Processing|Data Handling,"This script utilizes OCR to extract phone numbers from two specified images, processes the extracted data, and combines it with a predefined list of contacts before saving the results to a CSV file.","""Implement the OCR functionality for extracting phone numbers from images and save the results in a CSV format.""",script,,,
2025-11-05,e50c2c31e8881cd3e833335850136f5f57c8421fa89e1f11deb9e8971853dc2c,event,690bc79c-026c-8332-9ace-87f99ae213f7,ac952938-926a-44d2-9f49-fc3fe0bd8c9c,Data,CSV,4,CSV|data cleaning|data export|phone numbers,Data Management|Data Cleaning,"A CSV file named 'phones_raw.csv' has been created containing cleaned phone numbers and names. The user is offered options for further modifications, such as removing dashes or limiting phone numbers to the last 10 or 11 digits.","""Download the provided CSV and review the phone and name data. Confirm if additional formatting or cleaning is needed, such as removing dashes or normalizing phone numbers.""",data export,,,
2025-11-05,e703b9a04a1cdf32dbd97dcae983ed82ac4d01f9713e1da2e54c50c394a38da4,event,690b7f85-0b08-832c-b179-7aa7db54ebf5,3684c31a-ccfb-42c5-a04c-f88989f297ac,Business,execution plan,5,acciones|debilidades|estrategia|fortalezas|industry|networking,estrategia|networking|industria,"El mensaje detalla un análisis estratégico de una red de contactos en el sector industrial, identificando fortalezas, debilidades y acciones concretas para maximizar oportunidades comerciales y colaborativas.","""Prepare 3 versions of the post, generate 8 personalized DMs, or create the 2 slides in text format.""",insight,,,
2025-11-05,e75a1e7a4d1d1dc33b7fff519216a950b0c91b4c3a0905a568568c2c56fd13c5,event,690bc79c-026c-8332-9ace-87f99ae213f7,008ae324-5f17-4401-aa91-44ee2e3af4db,Data,report,4,file_processing|queries|text_analysis,data processing|automation,"This message contains a set of queries designed for processing specific text files, indicating a focus on file uploads and query filtering based on quality data frequency (QDF).","""Analyze the uploaded files for insights and trends.""",query,,,
2025-11-05,eb430ef67fbfded07ccf4877f3e030a7ac3493d91203ed675a5d3bab7ad4e4b7,event,690bc79c-026c-8332-9ace-87f99ae213f7,b348b70a-5d47-4a5b-bbff-b0cc405487dc,Data,report,4,CSV|QDF|data|queries,Data Processing|Data Analysis,"This message contains a set of queries for processing three CSV files with a specified QDF parameter, indicating a focus on data extraction or analysis tasks.","""Analyze the uploaded CSV files and apply the specified QDF filter to extract relevant insights.""",query,,,
2025-11-05,eb6a042c20da4627886fc10fa8e1231f0d3afc6c66a7626d20fae740de7096ab,event,690bc79c-026c-8332-9ace-87f99ae213f7,07d0608a-cd4b-4e5e-b824-9bf54c7c8c37,Business,template,5,análisis político|comunicación|estrategia|movilización|responsabilidades,organización|acción colectiva|comunicación efectiva,"Se presenta un análisis detallado de las actividades del grupo entre el 11 de agosto y el 10 de septiembre de 2025, incluyendo lecturas políticas, organizativas y psicológicas, así como implicancias prácticas y sugerencias para mejorar la efectividad de las acciones.","""Create a template for a message-flyer with a call to action and prioritize tasks for the next two weeks with assigned owners and estimated time.""",insight,,,
2025-11-05,f71595ff84db0a2c663331dd762d4d1082950dbbc32338459d2419e674033e03,event,690b7f85-0b08-832c-b179-7aa7db54ebf5,77036c4a-a377-47fa-9660-1c5397a2f988,Business,checklist,4,Comunicación|Datos|LinkedIn|Periodismo|Portfolio,Estrategia de Comunicación|Gestión de Proyectos,"Se presentan tres entregables concretos para optimizar la comunicación y el outreach: un post para LinkedIn, una checklist para pulir la traducción del portfolio, y un dataset inicial para periodistas. Se incluyen recomendaciones específicas para cada tarea.","""Generate CSV with 20 rows of outlets, write final versions of LinkedIn post, prepare text for portfolio.""",plan,,,
